Pat.#EN Advent:Advent
Pat.#EN Council:Council
Pat.#EN Hope:Hope
Pat.#EN Myth:Myth
Pat.#Gamer:Gamer
Pat.#ID 1st:ID 1st
Pat.#ID 2nd:ID 2nd
Pat.#ID 3rd:ID 3rd
Pat.#JP 0th:JP 0th
Pat.#JP 1st:JP 1st
Pat.#JP 2nd:JP 2nd
Pat.#JP 3rd:JP 3rd
Pat.#JP 4th:JP 4th
Pat.#JP 5th:JP 5th
Pat.#JP 6th:JP 6th
Pat.AkaiFace:Akai
Pat.AkiFace:Aki
Pat.AmeFace:Ame
Pat.AquaFace:Aqua
Pat.AyameFace:Ayame
Pat.AZKiFace:AZKi
Pat.BaeEar:Bae
Pat.BaeFace:Bae
Pat.BijouFace:Bijou
Pat.BotanEar:Botan
Pat.BotanFace:Botan
Pat.CalliopeFace:Calliope
Pat.ChocoFace:Choco
Pat.CocoFace:Coco
Pat.DefaultCharacter:Default
Pat.FaunaFace:Fauna
Pat.FlareFace:Flare
Pat.FubukiEar:Fubuki
Pat.FubukiFace:Fubuki
Pat.FuwaEar:Fuwa
Pat.FuwaFace:Fuwa
Pat.GuraFace:Gura
Pat.InaEar:Ina
Pat.InaFace:Ina
Pat.IofifteenFace:Iofifteen
Pat.IrohaFace:Iroha
Pat.IRySFace:IRyS
Pat.KaelaFace:Kaela
Pat.KanataFace:Kanata
Pat.KiaraFace:Kiara
Pat.KoboFace:Kobo
Pat.KoroneEar:Korone
Pat.KoroneFace:Korone
Pat.KoyoriEar:Koyori
Pat.KoyoriFace:Koyori
Pat.KroniiFace:Kronii
Pat.LamyFace:Lamy
Pat.LaplusFace:La+
Pat.LaplusHorn:La+ Huge Horn
Pat.LuiFace:Lui
Pat.LunaFace:Luna
Pat.MarineFace:Marine
Pat.MatsuriFace:Matsuri
Pat.MelFace:Mel
Pat.MelfissaFace:Melfissa
Pat.MikoFace:Miko
Pat.MioEar:Mio
Pat.MioFace:Mio
Pat.MocoEar:Moco
Pat.MocoFace:Moco
Pat.MoleBoob:Mole Boob
Pat.MoonaFace:Moona
Pat.MumeiFace:Mumei
Pat.NeneFace:Nene
Pat.NerissaFace:Nerissa
Pat.NoelFace:Noel
Pat.NormalBoob:Normal Boob
Pat.OkayuEar:Okayu
Pat.OkayuFace:Okayu
Pat.OllieFace:Ollie
Pat.PekoraEar:Pekora
Pat.PekoraFace:Pekora
Pat.PetanBoob:Petan
Pat.PolkaEar:Polka
Pat.PolkaFace:Polka
Pat.ReineFace:Reine
Pat.RisuEar:Risu
Pat.RisuFace:Risu
Pat.RobocoFace:Roboco
Pat.SakamataFace:Sakamata
Pat.SanaFace:Sana
Pat.ShionFace:Shion
Pat.ShioriFace:Shiori
Pat.SoraFace:Sora
Pat.SubaruFace:Subaru
Pat.SuiseiFace:Suisei
Pat.TowaFace:Towa
Pat.WatameFace:Watame
Pat.ZetaFace:Zeta